Metric,Value
Email,maxim.vaculenco@exam.org
Submission Time (Date/Time),2026-01-05 15:08:51
Answered Count (Total),22
Total Questions (Count),25
Time Spent (mm:ss),18:11
Tab Change Count (Total),3
,
ANSWERS DETAILS,
Question ID,Question Text,Answer Type,User Answer (Text),Audio URL,Transcription (Audio Answers),Time to Answer (mm:ss),Answered At (Timestamp),Question Displayed At (Timestamp),Audio Question Duration (mm:ss)
section1_accomodation_Q1,What is your age?,Text,22,,,0:04,2026-01-05T14:50:45.022Z,2026-01-05T14:50:40.106Z,
section1_accomodation_Q2,Choose what best describes you:,Text,student,,,0:05,2026-01-05T14:50:50.089Z,2026-01-05T14:50:45.079Z,
section1_accomodation_Q3,What day is it today?,Audio,,https://firebasestorage.googleapis.com/v0/b/exametric-439ba.firebasestorage.app/o/examAnswers%2FD17ojtCGztVxasDNXMBYujIEp6T2%2Fsection1_accomodation_Q3%2F1767624729064.webm?alt=media&token=31ff2183-bc6c-4dcc-9586-5ad33ac59d5a,Today it's Monday.,1:20,2026-01-05T14:52:10.319Z,2026-01-05T14:50:50.137Z,0:01
section1_accomodation_Q4,"Would you say you remember information better when you hear it or when you see it (for example, by reading or looking at images)?",Text,I remember better when I read.,,,0:25,2026-01-05T14:52:35.753Z,2026-01-05T14:52:10.377Z,
section1_accomodation_Q5,Can you remember what the first question was? Write it down.,Text,The first question was 'What is your age?',,,0:15,2026-01-05T14:52:51.670Z,2026-01-05T14:52:35.804Z,
section2_control_Q10,Which command in SQL removes all table data but keeps the structure?,Text,DELETE,,,0:06,2026-01-05T14:54:39.304Z,2026-01-05T14:54:32.931Z,
section2_control_Q12,What is the Big O time complexity of binary search?,Text,n*log(n),,,0:08,2026-01-05T14:54:47.701Z,2026-01-05T14:54:39.356Z,
section2_control_Q4,Which device connects computers within the same network using MAC addresses?,Text,Router,,,0:09,2026-01-05T14:54:23.302Z,2026-01-05T14:54:13.785Z,
section2_control_Q5,Which logic gate outputs the opposite of its input?,Text,NOT,,,0:04,2026-01-05T14:54:27.370Z,2026-01-05T14:54:23.352Z,
section2_control_Q9,Which data structure uses nodes connected by edges?,Text,Graph,,,0:05,2026-01-05T14:54:32.874Z,2026-01-05T14:54:27.426Z,
section2_standard_Q10,Which SQL clause filters query results?,Text,FILTER,,,0:06,2026-01-05T14:54:01.618Z,2026-01-05T14:53:55.033Z,
section2_standard_Q12,What is the Big O time complexity of linear search?,Text,n^2,,,0:12,2026-01-05T14:54:13.733Z,2026-01-05T14:54:01.672Z,
section2_standard_Q4,Which device forwards packets based on IP addresses?,Text,Router,,,0:09,2026-01-05T14:53:00.904Z,2026-01-05T14:52:51.724Z,
section2_standard_Q5,Which logic gate outputs true only when all inputs are true?,Text,AND,,,0:20,2026-01-05T14:53:20.953Z,2026-01-05T14:53:00.951Z,
section2_standard_Q9,Which data structure uses hierarchical parent-child relationships?,Text,Tree,,,0:33,2026-01-05T14:53:54.978Z,2026-01-05T14:53:21.006Z,
section3_control_Q3,", tts_text: ",Audio,,https://firebasestorage.googleapis.com/v0/b/exametric-439ba.firebasestorage.app/o/examAnswers%2FD17ojtCGztVxasDNXMBYujIEp6T2%2Fsection3_control_Q3%2F1767625497341.webm?alt=media&token=41bb728c-e73f-456d-97e4-3a2acb1ba389,Compiler.,3:09,2026-01-05T15:04:58.247Z,2026-01-05T15:01:48.384Z,0:04
section3_control_Q6,", tts_text: ",Audio,,https://firebasestorage.googleapis.com/v0/b/exametric-439ba.firebasestorage.app/o/examAnswers%2FD17ojtCGztVxasDNXMBYujIEp6T2%2Fsection3_control_Q6%2F1767625515053.webm?alt=media&token=79480c08-1916-45e7-b88f-9e2cc8c21276,Inheritance.,0:17,2026-01-05T15:05:15.950Z,2026-01-05T15:04:58.301Z,0:04
section3_control_Q8,", tts_text: ",Audio,,https://firebasestorage.googleapis.com/v0/b/exametric-439ba.firebasestorage.app/o/examAnswers%2FD17ojtCGztVxasDNXMBYujIEp6T2%2Fsection3_control_Q8%2F1767625666597.webm?alt=media&token=976a991e-f975-474f-b907-1009c581450d,NFC.,0:20,2026-01-05T15:07:47.525Z,2026-01-05T15:07:26.697Z,0:03
section3_standard_Q12,", tts_text: ",Audio,,https://firebasestorage.googleapis.com/v0/b/exametric-439ba.firebasestorage.app/o/examAnswers%2FD17ojtCGztVxasDNXMBYujIEp6T2%2Fsection3_standard_Q12%2F1767625307383.webm?alt=media&token=6d922c30-a0b9-400d-9ce4-ab4b6e7d5cd7,Dijkstra.,5:01,2026-01-05T15:01:48.328Z,2026-01-05T14:56:46.535Z,0:04
section3_standard_Q3,", tts_text: ",Audio,,https://firebasestorage.googleapis.com/v0/b/exametric-439ba.firebasestorage.app/o/examAnswers%2FD17ojtCGztVxasDNXMBYujIEp6T2%2Fsection3_standard_Q3%2F1767624910431.webm?alt=media&token=1800d2b9-0708-4149-8e60-f860d4cef28f,Operating system.,0:23,2026-01-05T14:55:11.290Z,2026-01-05T14:54:47.751Z,0:03
section3_standard_Q6,", tts_text: ",Audio,,https://firebasestorage.googleapis.com/v0/b/exametric-439ba.firebasestorage.app/o/examAnswers%2FD17ojtCGztVxasDNXMBYujIEp6T2%2Fsection3_standard_Q6%2F1767624949197.webm?alt=media&token=0e6fe5d5-4d5d-4989-8f18-9cce0f5c3919,Inheritance,0:38,2026-01-05T14:55:49.955Z,2026-01-05T14:55:11.346Z,0:04
section3_standard_Q8,", tts_text: ",Audio,,https://firebasestorage.googleapis.com/v0/b/exametric-439ba.firebasestorage.app/o/examAnswers%2FD17ojtCGztVxasDNXMBYujIEp6T2%2Fsection3_standard_Q8%2F1767625005725.webm?alt=media&token=59fd4941-ee64-4aed-8330-e988f89f598b,CD.,0:27,2026-01-05T14:56:46.485Z,2026-01-05T14:56:18.625Z,0:03
