Metric,Value
Email,user311046@exam.org
Submission Time (Date/Time),2026-01-05 17:15:17
Answered Count (Total),5
Total Questions (Count),25
Time Spent (mm:ss),10:45
Tab Change Count (Total),14
,
ANSWERS DETAILS,
Question ID,Question Text,Answer Type,User Answer (Text),Audio URL,Transcription (Audio Answers),Time to Answer (mm:ss),Answered At (Timestamp),Question Displayed At (Timestamp),Audio Question Duration (mm:ss)
section1_accomodation_Q1,What is your age?,Text,14,,,0:08,2026-01-05T17:04:40.629Z,2026-01-05T17:04:32.390Z,
section1_accomodation_Q2,Choose what best describes you:,Text,working student,,,0:45,2026-01-05T17:05:26.628Z,2026-01-05T17:04:40.731Z,
section1_accomodation_Q4,"Would you say you remember information better when you hear it or when you see it (for example, by reading or looking at images)?",Text,I remember better when I read.,,,0:58,2026-01-05T17:08:02.644Z,2026-01-05T17:07:03.978Z,
section2_control_Q10,Which command in SQL removes all table data but keeps the structure?,Text,Truncate table,,,0:35,2026-01-05T17:14:46.099Z,2026-01-05T17:14:10.576Z,
section2_control_Q4,Which device connects computers within the same network using MAC addresses?,Text,Switch,,,0:29,2026-01-05T17:13:35.462Z,2026-01-05T17:13:06.085Z,
